advertising,visitors,predicted_sales
350,25,83.587779193697
250,20,107.4076026745515
500,35,83.94278951742345
670,48,150.03260426320983
750,56,282.92518698122336
960,65,9.935000633395319
1209,70,-942.2513137988578
